shop_id,name,address,district,lat,lng,official_url,google_place_id,google_maps_url,google_rating_observed,google_reviews_observed,observed_at,phone_source,hours_source,price_source_url,price_effective_date,student_discount_source_url,student_discount_verified_at,policy_source_url,policy_verified_at,status,evidence_note,verified_by,needs_human_action
1,"Điện Thoại Vui - 136 Nguyễn Thái Học Q.1","136 Nguyễn Thái Học, Phường Phạm Ngũ Lão, Quận 1, TP.HCM","Quận 1",10.7665,106.692,https://dienthoaivui.com.vn,,https://www.google.com/maps/search/?api=1&query=%C4%90i%E1%BB%87n%20Tho%E1%BA%A1i%20Vui%20-%20136%20Nguy%E1%BB%85n%20Th%C3%A1i%20H%E1%BB%8Dc%20Q.1%20136%20Nguy%E1%BB%85n%20Th%C3%A1i%20H%E1%BB%8Dc%2C%20Ph%C6%B0%E1%BB%9Dng%20Ph%E1%BA%A1m%20Ng%C5%A9%20L%C3%A3o%2C%20Qu%E1%BA%ADn%201%2C%20TP.HCM,,,,,,,,,,,,UNVERIFIED,"Baseline seed record only. No source URL plus verification date was present for shop, Google, price, student discount, or service policy at audit time.",,"Confirm this exact branch using official contact or Place Details; record a source URL, access date, and concise evidence before publishing any claim."
2,"Viện Di Động - 73 Trần Quang Khải Q.1","73 Trần Quang Khải, Phường Tân Định, Quận 1, TP.HCM","Quận 1",10.7895,106.6905,https://viendidong.com,,https://www.google.com/maps/search/?api=1&query=Vi%E1%BB%87n%20Di%20%C4%90%E1%BB%99ng%20-%2073%20Tr%E1%BA%A7n%20Quang%20Kh%E1%BA%A3i%20Q.1%2073%20Tr%E1%BA%A7n%20Quang%20Kh%E1%BA%A3i%2C%20Ph%C6%B0%E1%BB%9Dng%20T%C3%A2n%20%C4%90%E1%BB%8Bnh%2C%20Qu%E1%BA%ADn%201%2C%20TP.HCM,,,,,,,,,,,,UNVERIFIED,"Baseline seed record only. No source URL plus verification date was present for shop, Google, price, student discount, or service policy at audit time.",,"Confirm this exact branch using official contact or Place Details; record a source URL, access date, and concise evidence before publishing any claim."
3,"Bảo Hành One - 195 Nguyễn Thái Học Q.1","195 Nguyễn Thái Học, Phường Phạm Ngũ Lão, Quận 1, TP.HCM","Quận 1",10.7645,106.6912,https://baohanhone.com,,https://www.google.com/maps/search/?api=1&query=B%E1%BA%A3o+H%C3%A0nh+One+195+Nguy%E1%BB%85n+Th%C3%A1i+H%E1%BB%8Dc+Qu%E1%BA%ADn+1+TP.HCM,,,,,,,,,,,,UNVERIFIED,"Baseline seed record only. No source URL plus verification date was present for shop, Google, price, student discount, or service policy at audit time.",,"Confirm this exact branch using official contact or Place Details; record a source URL, access date, and concise evidence before publishing any claim."
4,"Bệnh Viện Điện Thoại Laptop 24h - Tân Định Q.1","249-251 Trần Quang Khải, Phường Tân Định, Quận 1, TP.HCM","Quận 1",10.7918,106.6912,https://chamsocdidong.com,,https://www.google.com/maps/search/?api=1&query=B%E1%BB%87nh%20Vi%E1%BB%87n%20%C4%90i%E1%BB%87n%20Tho%E1%BA%A1i%20Laptop%2024h%20-%20T%C3%A2n%20%C4%90%E1%BB%8Bnh%20Q.1%20249-251%20Tr%E1%BA%A7n%20Quang%20Kh%E1%BA%A3i%2C%20Ph%C6%B0%E1%BB%9Dng%20T%C3%A2n%20%C4%90%E1%BB%8Bnh%2C%20Qu%E1%BA%ADn%201%2C%20TP.HCM,,,,,,,,,,,,UNVERIFIED,"Baseline seed record only. No source URL plus verification date was present for shop, Google, price, student discount, or service policy at audit time.",,"Confirm this exact branch using official contact or Place Details; record a source URL, access date, and concise evidence before publishing any claim."
5,"Sài Gòn Số - CN2 Nguyễn Phúc Nguyên Q.3","11 Nguyễn Phúc Nguyên, Phường 10, Quận 3, TP.HCM","Quận 3",10.7788,106.6825,https://saigonso.com,,https://www.google.com/maps/search/?api=1&query=S%C3%A0i%20G%C3%B2n%20S%E1%BB%91%20-%20CN2%20Nguy%E1%BB%85n%20Ph%C3%BAc%20Nguy%C3%AAn%20Q.3%2011%20Nguy%E1%BB%85n%20Ph%C3%BAc%20Nguy%C3%AAn%2C%20Ph%C6%B0%E1%BB%9Dng%2010%2C%20Qu%E1%BA%ADn%203%2C%20TP.HCM,,,,,,,,,,,,UNVERIFIED,"Baseline seed record only. No source URL plus verification date was present for shop, Google, price, student discount, or service policy at audit time.",,"Confirm this exact branch using official contact or Place Details; record a source URL, access date, and concise evidence before publishing any claim."
6,"Viện Di Động - 608 Lê Văn Sỹ Q.3","608 Lê Văn Sỹ, Phường 14, Quận 3, TP.HCM","Quận 3",10.7915,106.672,https://viendidong.com,,https://www.google.com/maps/search/?api=1&query=Vi%E1%BB%87n%20Di%20%C4%90%E1%BB%99ng%20-%20608%20L%C3%AA%20V%C4%83n%20S%E1%BB%B9%20Q.3%20608%20L%C3%AA%20V%C4%83n%20S%E1%BB%B9%2C%20Ph%C6%B0%E1%BB%9Dng%2014%2C%20Qu%E1%BA%ADn%203%2C%20TP.HCM,,,,,,,,,,,,UNVERIFIED,"Baseline seed record only. No source URL plus verification date was present for shop, Google, price, student discount, or service policy at audit time.",,"Confirm this exact branch using official contact or Place Details; record a source URL, access date, and concise evidence before publishing any claim."
7,"FASTCARE - 580 Cách Mạng Tháng 8 Q.3","580 Cách Mạng Tháng 8, Phường 11, Quận 3, TP.HCM","Quận 3",10.783,106.6715,https://fastcare.vn,,https://www.google.com/maps/search/?api=1&query=FASTCARE%20-%20580%20C%C3%A1ch%20M%E1%BA%A1ng%20Th%C3%A1ng%208%20Q.3%20580%20C%C3%A1ch%20M%E1%BA%A1ng%20Th%C3%A1ng%208%2C%20Ph%C6%B0%E1%BB%9Dng%2011%2C%20Qu%E1%BA%ADn%203%2C%20TP.HCM,,,,,,,,,,,,UNVERIFIED,"Baseline seed record only. No source URL plus verification date was present for shop, Google, price, student discount, or service policy at audit time.",,"Confirm this exact branch using official contact or Place Details; record a source URL, access date, and concise evidence before publishing any claim."
8,"Sửa Chữa Laptop 24h - CMT8 Q.3","283/47 Cách Mạng Tháng 8, Phường 12, Quận 3, TP.HCM","Quận 3",10.776,106.678,https://suachualaptop24h.com,,https://www.google.com/maps/search/?api=1&query=S%E1%BB%ADa%20Ch%E1%BB%AFa%20Laptop%2024h%20-%20CMT8%20Q.3%20283/47%20C%C3%A1ch%20M%E1%BA%A1ng%20Th%C3%A1ng%208%2C%20Ph%C6%B0%E1%BB%9Dng%2012%2C%20Qu%E1%BA%ADn%203%2C%20TP.HCM,,,,,,,,,,,,UNVERIFIED,"Baseline seed record only. No source URL plus verification date was present for shop, Google, price, student discount, or service policy at audit time.",,"Confirm this exact branch using official contact or Place Details; record a source URL, access date, and concise evidence before publishing any claim."
9,"Điện Thoại Vui - 191 Khánh Hội Q.4","191 Khánh Hội, Phường 6, Quận 4, TP.HCM","Quận 4",10.7575,106.7035,https://dienthoaivui.com.vn,,https://www.google.com/maps/search/?api=1&query=%C4%90i%E1%BB%87n%20Tho%E1%BA%A1i%20Vui%20-%20191%20Kh%C3%A1nh%20H%E1%BB%99i%20Q.4%20191%20Kh%C3%A1nh%20H%E1%BB%99i%2C%20Ph%C6%B0%E1%BB%9Dng%206%2C%20Qu%E1%BA%ADn%204%2C%20TP.HCM,,,,,,,,,,,,UNVERIFIED,"Baseline seed record only. No source URL plus verification date was present for shop, Google, price, student discount, or service policy at audit time.",,"Confirm this exact branch using official contact or Place Details; record a source URL, access date, and concise evidence before publishing any claim."
10,"FASTCARE - 182 Khánh Hội Q.4","182 Khánh Hội, Phường 6, Quận 4, TP.HCM","Quận 4",10.7578,106.7028,https://fastcare.vn,,https://www.google.com/maps/search/?api=1&query=FASTCARE%20-%20182%20Kh%C3%A1nh%20H%E1%BB%99i%20Q.4%20182%20Kh%C3%A1nh%20H%E1%BB%99i%2C%20Ph%C6%B0%E1%BB%9Dng%206%2C%20Qu%E1%BA%ADn%204%2C%20TP.HCM,,,,,,,,,,,,UNVERIFIED,"Baseline seed record only. No source URL plus verification date was present for shop, Google, price, student discount, or service policy at audit time.",,"Confirm this exact branch using official contact or Place Details; record a source URL, access date, and concise evidence before publishing any claim."
11,"Laptopcare.vn - 334 Nguyễn Tất Thành Q.4","334 Nguyễn Tất Thành, Phường 13, Quận 4, TP.HCM","Quận 4",10.756,106.71,https://laptopcare.vn,,https://www.google.com/maps/search/?api=1&query=Laptopcare.vn%20-%20334%20Nguy%E1%BB%85n%20T%E1%BA%A5t%20Th%C3%A0nh%20Q.4%20334%20Nguy%E1%BB%85n%20T%E1%BA%A5t%20Th%C3%A0nh%2C%20Ph%C6%B0%E1%BB%9Dng%2013%2C%20Qu%E1%BA%ADn%204%2C%20TP.HCM,,,,,,,,,,,,UNVERIFIED,"Baseline seed record only. No source URL plus verification date was present for shop, Google, price, student discount, or service policy at audit time.",,"Confirm this exact branch using official contact or Place Details; record a source URL, access date, and concise evidence before publishing any claim."
12,"Hoàng Vũ Mobile - 150 Đoàn Văn Bơ Q.4","150 Đoàn Văn Bơ, Phường 9, Quận 4, TP.HCM","Quận 4",10.76,106.702,https://www.google.com/maps/search/?api=1&query=Ho%C3%A0ng%20V%C5%A9%20Mobile%20-%20150%20%C4%90o%C3%A0n%20V%C4%83n%20B%C6%A1%20Q.4%20150%20%C4%90o%C3%A0n%20V%C4%83n%20B%C6%A1%2C%20Ph%C6%B0%E1%BB%9Dng%209%2C%20Qu%E1%BA%ADn%204%2C%20TP.HCM,,https://www.google.com/maps/search/?api=1&query=Ho%C3%A0ng%20V%C5%A9%20Mobile%20-%20150%20%C4%90o%C3%A0n%20V%C4%83n%20B%C6%A1%20Q.4%20150%20%C4%90o%C3%A0n%20V%C4%83n%20B%C6%A1%2C%20Ph%C6%B0%E1%BB%9Dng%209%2C%20Qu%E1%BA%ADn%204%2C%20TP.HCM,,,,,,,,,,,,UNVERIFIED,"Baseline seed record only. No source URL plus verification date was present for shop, Google, price, student discount, or service policy at audit time.",,"Confirm this exact branch using official contact or Place Details; record a source URL, access date, and concise evidence before publishing any claim."
13,"Viện Di Động - 60 Trần Phú Q.5","60 Trần Phú, Phường 4, Quận 5, TP.HCM","Quận 5",10.7555,106.678,https://viendidong.com,,https://www.google.com/maps/search/?api=1&query=Vi%E1%BB%87n%20Di%20%C4%90%E1%BB%99ng%20-%2060%20Tr%E1%BA%A7n%20Ph%C3%BA%20Q.5%2060%20Tr%E1%BA%A7n%20Ph%C3%BA%2C%20Ph%C6%B0%E1%BB%9Dng%204%2C%20Qu%E1%BA%ADn%205%2C%20TP.HCM,,,,,,,,,,,,UNVERIFIED,"Baseline seed record only. No source URL plus verification date was present for shop, Google, price, student discount, or service policy at audit time.",,"Confirm this exact branch using official contact or Place Details; record a source URL, access date, and concise evidence before publishing any claim."
14,"Huy Phong 409 - 409 Nguyễn Trãi Q.5","409 Nguyễn Trãi, Phường 7, Quận 5, TP.HCM","Quận 5",10.753,106.6695,https://iservice.vn,,https://www.google.com/maps/search/?api=1&query=Huy%20Phong%20409%20-%20409%20Nguy%E1%BB%85n%20Tr%C3%A3i%20Q.5%20409%20Nguy%E1%BB%85n%20Tr%C3%A3i%2C%20Ph%C6%B0%E1%BB%9Dng%207%2C%20Qu%E1%BA%ADn%205%2C%20TP.HCM,,,,,,,,,,,,UNVERIFIED,"Baseline seed record only. No source URL plus verification date was present for shop, Google, price, student discount, or service policy at audit time.",,"Confirm this exact branch using official contact or Place Details; record a source URL, access date, and concise evidence before publishing any claim."
15,"iCare Center - 151 Hùng Vương Q.5","151 Hùng Vương, Phường 4, Quận 5, TP.HCM","Quận 5",10.7542,106.6762,https://icare.center,,https://www.google.com/maps/search/?api=1&query=iCare%20Center%20-%20151%20H%C3%B9ng%20V%C6%B0%C6%A1ng%20Q.5%20151%20H%C3%B9ng%20V%C6%B0%C6%A1ng%2C%20Ph%C6%B0%E1%BB%9Dng%204%2C%20Qu%E1%BA%ADn%205%2C%20TP.HCM,,,,,,,,,,,,UNVERIFIED,"Baseline seed record only. No source URL plus verification date was present for shop, Google, price, student discount, or service policy at audit time.",,"Confirm this exact branch using official contact or Place Details; record a source URL, access date, and concise evidence before publishing any claim."
16,"Libby Repair Center - 113 Lê Hồng Phong Q.5","113 Lê Hồng Phong, Phường 8, Quận 5, TP.HCM","Quận 5",10.7575,106.666,https://libbyrepaircenter.com,,https://www.google.com/maps/search/?api=1&query=Libby%20Repair%20Center%20-%20113%20L%C3%AA%20H%E1%BB%93ng%20Phong%20Q.5%20113%20L%C3%AA%20H%E1%BB%93ng%20Phong%2C%20Ph%C6%B0%E1%BB%9Dng%208%2C%20Qu%E1%BA%ADn%205%2C%20TP.HCM,,,,,,,,,,,,UNVERIFIED,"Baseline seed record only. No source URL plus verification date was present for shop, Google, price, student discount, or service policy at audit time.",,"Confirm this exact branch using official contact or Place Details; record a source URL, access date, and concise evidence before publishing any claim."
17,"Điện Thoại Vui - 1075B Hậu Giang Q.6","1075B Hậu Giang, Phường 11, Quận 6, TP.HCM","Quận 6",10.7435,106.634,https://dienthoaivui.com.vn,,https://www.google.com/maps/search/?api=1&query=%C4%90i%E1%BB%87n%20Tho%E1%BA%A1i%20Vui%20-%201075B%20H%E1%BA%ADu%20Giang%20Q.6%201075B%20H%E1%BA%ADu%20Giang%2C%20Ph%C6%B0%E1%BB%9Dng%2011%2C%20Qu%E1%BA%ADn%206%2C%20TP.HCM,,,,,,,,,,,,UNVERIFIED,"Baseline seed record only. No source URL plus verification date was present for shop, Google, price, student discount, or service policy at audit time.",,"Confirm this exact branch using official contact or Place Details; record a source URL, access date, and concise evidence before publishing any claim."
18,"FASTCARE - 734 Hậu Giang Q.6","734 Hậu Giang, Phường 12, Quận 6, TP.HCM","Quận 6",10.7472,106.6398,https://fastcare.vn,,https://www.google.com/maps/search/?api=1&query=FASTCARE%20-%20734%20H%E1%BA%ADu%20Giang%20Q.6%20734%20H%E1%BA%ADu%20Giang%2C%20Ph%C6%B0%E1%BB%9Dng%2012%2C%20Qu%E1%BA%ADn%206%2C%20TP.HCM,,,,,,,,,,,,UNVERIFIED,"Baseline seed record only. No source URL plus verification date was present for shop, Google, price, student discount, or service policy at audit time.",,"Confirm this exact branch using official contact or Place Details; record a source URL, access date, and concise evidence before publishing any claim."
19,"Bệnh Viện Điện Thoại Laptop 24h - Bình Phú Q.6","733 Hậu Giang, Phường 11, Quận 6, TP.HCM","Quận 6",10.744,106.6342,https://chamsocdidong.com,,https://www.google.com/maps/search/?api=1&query=B%E1%BB%87nh%20Vi%E1%BB%87n%20%C4%90i%E1%BB%87n%20Tho%E1%BA%A1i%20Laptop%2024h%20-%20B%C3%ACnh%20Ph%C3%BA%20Q.6%20733%20H%E1%BA%ADu%20Giang%2C%20Ph%C6%B0%E1%BB%9Dng%2011%2C%20Qu%E1%BA%ADn%206%2C%20TP.HCM,,,,,,,,,,,,UNVERIFIED,"Baseline seed record only. No source URL plus verification date was present for shop, Google, price, student discount, or service policy at audit time.",,"Confirm this exact branch using official contact or Place Details; record a source URL, access date, and concise evidence before publishing any claim."
20,"Hcare - 206 Hậu Giang Q.6","206 Hậu Giang, Phường 9, Quận 6, TP.HCM","Quận 6",10.748,106.648,https://www.google.com/maps/search/?api=1&query=Hcare%20-%20206%20H%E1%BA%ADu%20Giang%20Q.6%20206%20H%E1%BA%ADu%20Giang%2C%20Ph%C6%B0%E1%BB%9Dng%209%2C%20Qu%E1%BA%ADn%206%2C%20TP.HCM,,https://www.google.com/maps/search/?api=1&query=Hcare%20-%20206%20H%E1%BA%ADu%20Giang%20Q.6%20206%20H%E1%BA%ADu%20Giang%2C%20Ph%C6%B0%E1%BB%9Dng%209%2C%20Qu%E1%BA%ADn%206%2C%20TP.HCM,,,,,,,,,,,,UNVERIFIED,"Baseline seed record only. No source URL plus verification date was present for shop, Google, price, student discount, or service policy at audit time.",,"Confirm this exact branch using official contact or Place Details; record a source URL, access date, and concise evidence before publishing any claim."
21,"Điện Thoại Vui - 207 Nguyễn Thị Thập Q.7","207 Nguyễn Thị Thập, Phường Bình Thuận, Quận 7, TP.HCM","Quận 7",10.738,106.719,https://dienthoaivui.com.vn,,https://www.google.com/maps/search/?api=1&query=%C4%90i%E1%BB%87n%20Tho%E1%BA%A1i%20Vui%20-%20207%20Nguy%E1%BB%85n%20Th%E1%BB%8B%20Th%E1%BA%ADp%20Q.7%20207%20Nguy%E1%BB%85n%20Th%E1%BB%8B%20Th%E1%BA%ADp%2C%20Ph%C6%B0%E1%BB%9Dng%20B%C3%ACnh%20Thu%E1%BA%ADn%2C%20Qu%E1%BA%ADn%207%2C%20TP.HCM,,,,,,,,,,,,UNVERIFIED,"Baseline seed record only. No source URL plus verification date was present for shop, Google, price, student discount, or service policy at audit time.",,"Confirm this exact branch using official contact or Place Details; record a source URL, access date, and concise evidence before publishing any claim."
22,"FASTCARE - 158A Nguyễn Thị Thập Q.7","158A Nguyễn Thị Thập, Phường Bình Thuận, Quận 7, TP.HCM","Quận 7",10.7385,106.7185,https://fastcare.vn,,https://www.google.com/maps/search/?api=1&query=FASTCARE%20-%20158A%20Nguy%E1%BB%85n%20Th%E1%BB%8B%20Th%E1%BA%ADp%20Q.7%20158A%20Nguy%E1%BB%85n%20Th%E1%BB%8B%20Th%E1%BA%ADp%2C%20Ph%C6%B0%E1%BB%9Dng%20B%C3%ACnh%20Thu%E1%BA%ADn%2C%20Qu%E1%BA%ADn%207%2C%20TP.HCM,,,,,,,,,,,,UNVERIFIED,"Baseline seed record only. No source URL plus verification date was present for shop, Google, price, student discount, or service policy at audit time.",,"Confirm this exact branch using official contact or Place Details; record a source URL, access date, and concise evidence before publishing any claim."
23,"Viện Di Động - 526 Nguyễn Thị Thập Q.7","526 Nguyễn Thị Thập, Phường Tân Quy, Quận 7, TP.HCM","Quận 7",10.7365,106.7215,https://viendidong.com,,https://www.google.com/maps/search/?api=1&query=Vi%E1%BB%87n%20Di%20%C4%90%E1%BB%99ng%20-%20526%20Nguy%E1%BB%85n%20Th%E1%BB%8B%20Th%E1%BA%ADp%20Q.7%20526%20Nguy%E1%BB%85n%20Th%E1%BB%8B%20Th%E1%BA%ADp%2C%20Ph%C6%B0%E1%BB%9Dng%20T%C3%A2n%20Quy%2C%20Qu%E1%BA%ADn%207%2C%20TP.HCM,,,,,,,,,,,,UNVERIFIED,"Baseline seed record only. No source URL plus verification date was present for shop, Google, price, student discount, or service policy at audit time.",,"Confirm this exact branch using official contact or Place Details; record a source URL, access date, and concise evidence before publishing any claim."
24,"Bệnh Viện Điện Thoại 24h - 481A Nguyễn Thị Thập Q.7","481A Nguyễn Thị Thập, Phường Tân Hưng, Quận 7, TP.HCM","Quận 7",10.742,106.702,https://chamsocdidong.com,,https://www.google.com/maps/search/?api=1&query=B%E1%BB%87nh%20Vi%E1%BB%87n%20%C4%90i%E1%BB%87n%20Tho%E1%BA%A1i%2024h%20-%20481A%20Nguy%E1%BB%85n%20Th%E1%BB%8B%20Th%E1%BA%ADp%20Q.7%20481A%20Nguy%E1%BB%85n%20Th%E1%BB%8B%20Th%E1%BA%ADp%2C%20Ph%C6%B0%E1%BB%9Dng%20T%C3%A2n%20H%C6%B0ng%2C%20Qu%E1%BA%ADn%207%2C%20TP.HCM,,,,,,,,,,,,UNVERIFIED,"Baseline seed record only. No source URL plus verification date was present for shop, Google, price, student discount, or service policy at audit time.",,"Confirm this exact branch using official contact or Place Details; record a source URL, access date, and concise evidence before publishing any claim."
25,"Bệnh Viện Điện Thoại Laptop 24h - Xóm Củi Q.8","507 Tùng Thiện Vương, Phường 12, Quận 8, TP.HCM","Quận 8",10.7488,106.6615,https://chamsocdidong.com,,https://www.google.com/maps/search/?api=1&query=B%E1%BB%87nh%20Vi%E1%BB%87n%20%C4%90i%E1%BB%87n%20Tho%E1%BA%A1i%20Laptop%2024h%20-%20X%C3%B3m%20C%E1%BB%A7i%20Q.8%20507%20T%C3%B9ng%20Thi%E1%BB%87n%20V%C6%B0%C6%A1ng%2C%20Ph%C6%B0%E1%BB%9Dng%2012%2C%20Qu%E1%BA%ADn%208%2C%20TP.HCM,,,,,,,,,,,,UNVERIFIED,"Baseline seed record only. No source URL plus verification date was present for shop, Google, price, student discount, or service policy at audit time.",,"Confirm this exact branch using official contact or Place Details; record a source URL, access date, and concise evidence before publishing any claim."
26,"FASTCARE - 231 Phạm Thế Hiển Q.8","231 Phạm Thế Hiển, Phường 3, Quận 8, TP.HCM","Quận 8",10.7485,106.684,https://fastcare.vn,,https://www.google.com/maps/search/?api=1&query=FASTCARE%20-%20231%20Ph%E1%BA%A1m%20Th%E1%BA%BF%20Hi%E1%BB%83n%20Q.8%20231%20Ph%E1%BA%A1m%20Th%E1%BA%BF%20Hi%E1%BB%83n%2C%20Ph%C6%B0%E1%BB%9Dng%203%2C%20Qu%E1%BA%ADn%208%2C%20TP.HCM,,,,,,,,,,,,UNVERIFIED,"Baseline seed record only. No source URL plus verification date was present for shop, Google, price, student discount, or service policy at audit time.",,"Confirm this exact branch using official contact or Place Details; record a source URL, access date, and concise evidence before publishing any claim."
27,"ANT Mobile - 944 Tạ Quang Bửu Q.8","944 Tạ Quang Bửu, Phường 5, Quận 8, TP.HCM","Quận 8",10.7415,106.6745,https://www.google.com/maps/search/?api=1&query=ANT%20Mobile%20-%20944%20T%E1%BA%A1%20Quang%20B%E1%BB%ADu%20Q.8%20944%20T%E1%BA%A1%20Quang%20B%E1%BB%ADu%2C%20Ph%C6%B0%E1%BB%9Dng%205%2C%20Qu%E1%BA%ADn%208%2C%20TP.HCM,,https://www.google.com/maps/search/?api=1&query=ANT%20Mobile%20-%20944%20T%E1%BA%A1%20Quang%20B%E1%BB%ADu%20Q.8%20944%20T%E1%BA%A1%20Quang%20B%E1%BB%ADu%2C%20Ph%C6%B0%E1%BB%9Dng%205%2C%20Qu%E1%BA%ADn%208%2C%20TP.HCM,,,,,,,,,,,,UNVERIFIED,"Baseline seed record only. No source URL plus verification date was present for shop, Google, price, student discount, or service policy at audit time.",,"Confirm this exact branch using official contact or Place Details; record a source URL, access date, and concise evidence before publishing any claim."
28,"Trần Phát Mobile - 1154 Phạm Thế Hiển Q.8","1154 Phạm Thế Hiển, Phường 5, Quận 8, TP.HCM","Quận 8",10.7398,106.672,https://www.google.com/maps/search/?api=1&query=Tr%E1%BA%A7n%20Ph%C3%A1t%20Mobile%20-%201154%20Ph%E1%BA%A1m%20Th%E1%BA%BF%20Hi%E1%BB%83n%20Q.8%201154%20Ph%E1%BA%A1m%20Th%E1%BA%BF%20Hi%E1%BB%83n%2C%20Ph%C6%B0%E1%BB%9Dng%205%2C%20Qu%E1%BA%ADn%208%2C%20TP.HCM,,https://www.google.com/maps/search/?api=1&query=Tr%E1%BA%A7n%20Ph%C3%A1t%20Mobile%20-%201154%20Ph%E1%BA%A1m%20Th%E1%BA%BF%20Hi%E1%BB%83n%20Q.8%201154%20Ph%E1%BA%A1m%20Th%E1%BA%BF%20Hi%E1%BB%83n%2C%20Ph%C6%B0%E1%BB%9Dng%205%2C%20Qu%E1%BA%ADn%208%2C%20TP.HCM,,,,,,,,,,,,UNVERIFIED,"Baseline seed record only. No source URL plus verification date was present for shop, Google, price, student discount, or service policy at audit time.",,"Confirm this exact branch using official contact or Place Details; record a source URL, access date, and concise evidence before publishing any claim."
29,"Bệnh Viện Điện Thoại Laptop 24h - 260 Đường 3/2 Q.10","260 Đường 3 Tháng 2, Phường 12, Quận 10, TP.HCM","Quận 10",10.771,106.671,https://chamsocdidong.com,,https://www.google.com/maps/search/?api=1&query=B%E1%BB%87nh%20Vi%E1%BB%87n%20%C4%90i%E1%BB%87n%20Tho%E1%BA%A1i%20Laptop%2024h%20-%20260%20%C4%90%C6%B0%E1%BB%9Dng%203/2%20Q.10%20260%20%C4%90%C6%B0%E1%BB%9Dng%203%20Th%C3%A1ng%202%2C%20Ph%C6%B0%E1%BB%9Dng%2012%2C%20Qu%E1%BA%ADn%2010%2C%20TP.HCM,,,,,,,,,,,,UNVERIFIED,"Baseline seed record only. No source URL plus verification date was present for shop, Google, price, student discount, or service policy at audit time.",,"Confirm this exact branch using official contact or Place Details; record a source URL, access date, and concise evidence before publishing any claim."
30,"Điện Thoại Vui - 300 Đường 3/2 Q.10","300 Đường 3 Tháng 2, Phường 12, Quận 10, TP.HCM","Quận 10",10.7695,106.6685,https://dienthoaivui.com.vn,,https://www.google.com/maps/search/?api=1&query=%C4%90i%E1%BB%87n%20Tho%E1%BA%A1i%20Vui%20-%20300%20%C4%90%C6%B0%E1%BB%9Dng%203/2%20Q.10%20300%20%C4%90%C6%B0%E1%BB%9Dng%203%20Th%C3%A1ng%202%2C%20Ph%C6%B0%E1%BB%9Dng%2012%2C%20Qu%E1%BA%ADn%2010%2C%20TP.HCM,,,,,,,,,,,,UNVERIFIED,"Baseline seed record only. No source URL plus verification date was present for shop, Google, price, student discount, or service policy at audit time.",,"Confirm this exact branch using official contact or Place Details; record a source URL, access date, and concise evidence before publishing any claim."
31,"FASTCARE - 591 Lê Hồng Phong Q.10","591-593 Lê Hồng Phong, Phường 10, Quận 10, TP.HCM","Quận 10",10.7655,106.662,https://fastcare.vn,,https://www.google.com/maps/search/?api=1&query=FASTCARE%20-%20591%20L%C3%AA%20H%E1%BB%93ng%20Phong%20Q.10%20591-593%20L%C3%AA%20H%E1%BB%93ng%20Phong%2C%20Ph%C6%B0%E1%BB%9Dng%2010%2C%20Qu%E1%BA%ADn%2010%2C%20TP.HCM,,,,,,,,,,,,UNVERIFIED,"Baseline seed record only. No source URL plus verification date was present for shop, Google, price, student discount, or service policy at audit time.",,"Confirm this exact branch using official contact or Place Details; record a source URL, access date, and concise evidence before publishing any claim."
32,"CareS - 296 Đường 3/2 Q.10","296 Đường 3 Tháng 2, Phường 12, Quận 10, TP.HCM","Quận 10",10.7698,106.669,https://cares.vn,,https://www.google.com/maps/search/?api=1&query=CareS%20-%20296%20%C4%90%C6%B0%E1%BB%9Dng%203/2%20Q.10%20296%20%C4%90%C6%B0%E1%BB%9Dng%203%20Th%C3%A1ng%202%2C%20Ph%C6%B0%E1%BB%9Dng%2012%2C%20Qu%E1%BA%ADn%2010%2C%20TP.HCM,,,,,,,,,,,,UNVERIFIED,"Baseline seed record only. No source URL plus verification date was present for shop, Google, price, student discount, or service policy at audit time.",,"Confirm this exact branch using official contact or Place Details; record a source URL, access date, and concise evidence before publishing any claim."
33,"Điện Thoại Vui - 12 Ông Ích Khiêm Q.11","12 Ông Ích Khiêm, Phường 10, Quận 11, TP.HCM","Quận 11",10.766,106.649,https://dienthoaivui.com.vn,,https://www.google.com/maps/search/?api=1&query=%C4%90i%E1%BB%87n%20Tho%E1%BA%A1i%20Vui%20-%2012%20%C3%94ng%20%C3%8Dch%20Khi%C3%AAm%20Q.11%2012%20%C3%94ng%20%C3%8Dch%20Khi%C3%AAm%2C%20Ph%C6%B0%E1%BB%9Dng%2010%2C%20Qu%E1%BA%ADn%2011%2C%20TP.HCM,,,,,,,,,,,,UNVERIFIED,"Baseline seed record only. No source URL plus verification date was present for shop, Google, price, student discount, or service policy at audit time.",,"Confirm this exact branch using official contact or Place Details; record a source URL, access date, and concise evidence before publishing any claim."
34,"Đại Tín Mobile - 1092F Đường 3/2 Q.11","1092F Đường 3/2, Phường 12, Quận 11, TP.HCM","Quận 11",10.7635,106.6455,https://www.google.com/maps/search/?api=1&query=%C4%90%E1%BA%A1i%20T%C3%ADn%20Mobile%20-%201092F%20%C4%90%C6%B0%E1%BB%9Dng%203/2%20Q.11%201092F%20%C4%90%C6%B0%E1%BB%9Dng%203/2%2C%20Ph%C6%B0%E1%BB%9Dng%2012%2C%20Qu%E1%BA%ADn%2011%2C%20TP.HCM,,https://www.google.com/maps/search/?api=1&query=%C4%90%E1%BA%A1i%20T%C3%ADn%20Mobile%20-%201092F%20%C4%90%C6%B0%E1%BB%9Dng%203/2%20Q.11%201092F%20%C4%90%C6%B0%E1%BB%9Dng%203/2%2C%20Ph%C6%B0%E1%BB%9Dng%2012%2C%20Qu%E1%BA%ADn%2011%2C%20TP.HCM,,,,,,,,,,,,UNVERIFIED,"Baseline seed record only. No source URL plus verification date was present for shop, Google, price, student discount, or service policy at audit time.",,"Confirm this exact branch using official contact or Place Details; record a source URL, access date, and concise evidence before publishing any claim."
35,"Bệnh Viện Laptop ZIN - 1467A Đường 3/2 Q.11","1467A Đường 3/2, Phường 16, Quận 11, TP.HCM","Quận 11",10.7612,106.6418,https://benhvienlaptop.com,,https://www.google.com/maps/search/?api=1&query=B%E1%BB%87nh%20Vi%E1%BB%87n%20Laptop%20ZIN%20-%201467A%20%C4%90%C6%B0%E1%BB%9Dng%203/2%20Q.11%201467A%20%C4%90%C6%B0%E1%BB%9Dng%203/2%2C%20Ph%C6%B0%E1%BB%9Dng%2016%2C%20Qu%E1%BA%ADn%2011%2C%20TP.HCM,,,,,,,,,,,,UNVERIFIED,"Baseline seed record only. No source URL plus verification date was present for shop, Google, price, student discount, or service policy at audit time.",,"Confirm this exact branch using official contact or Place Details; record a source URL, access date, and concise evidence before publishing any claim."
36,"Song Thiên Mobile - 52 Tôn Thất Hiệp Q.11","52 Tôn Thất Hiệp, Phường 15, Quận 11, TP.HCM","Quận 11",10.7618,106.6475,https://www.google.com/maps/search/?api=1&query=Song%20Thi%C3%AAn%20Mobile%20-%2052%20T%C3%B4n%20Th%E1%BA%A5t%20Hi%E1%BB%87p%20Q.11%2052%20T%C3%B4n%20Th%E1%BA%A5t%20Hi%E1%BB%87p%2C%20Ph%C6%B0%E1%BB%9Dng%2015%2C%20Qu%E1%BA%ADn%2011%2C%20TP.HCM,,https://www.google.com/maps/search/?api=1&query=Song%20Thi%C3%AAn%20Mobile%20-%2052%20T%C3%B4n%20Th%E1%BA%A5t%20Hi%E1%BB%87p%20Q.11%2052%20T%C3%B4n%20Th%E1%BA%A5t%20Hi%E1%BB%87p%2C%20Ph%C6%B0%E1%BB%9Dng%2015%2C%20Qu%E1%BA%ADn%2011%2C%20TP.HCM,,,,,,,,,,,,UNVERIFIED,"Baseline seed record only. No source URL plus verification date was present for shop, Google, price, student discount, or service policy at audit time.",,"Confirm this exact branch using official contact or Place Details; record a source URL, access date, and concise evidence before publishing any claim."
37,"Điện Thoại Vui - 56 Nguyễn Ảnh Thủ Q.12","56/2B Nguyễn Ảnh Thủ, Phường Trung Mỹ Tây, Quận 12, TP.HCM","Quận 12",10.8592,106.6174,https://dienthoaivui.com.vn,,https://www.google.com/maps/search/?api=1&query=%C4%90i%E1%BB%87n%20Tho%E1%BA%A1i%20Vui%20-%2056%20Nguy%E1%BB%85n%20%E1%BA%A2nh%20Th%E1%BB%A7%20Q.12%2056/2B%20Nguy%E1%BB%85n%20%E1%BA%A2nh%20Th%E1%BB%A7%2C%20Ph%C6%B0%E1%BB%9Dng%20Trung%20M%E1%BB%B9%20T%C3%A2y%2C%20Qu%E1%BA%ADn%2012%2C%20TP.HCM,,,,,,,,,,,,UNVERIFIED,"Baseline seed record only. No source URL plus verification date was present for shop, Google, price, student discount, or service policy at audit time.",,"Confirm this exact branch using official contact or Place Details; record a source URL, access date, and concise evidence before publishing any claim."
38,"FASTCARE - Chi nhánh Tô Ký Q.12","Số 1 Tô Ký, Phường Trung Mỹ Tây, Quận 12, TP.HCM","Quận 12",10.8546,106.6189,https://fastcare.vn,,https://www.google.com/maps/search/?api=1&query=FASTCARE%20-%20Chi%20nh%C3%A1nh%20T%C3%B4%20K%C3%BD%20Q.12%20S%E1%BB%91%201%20T%C3%B4%20K%C3%BD%2C%20Ph%C6%B0%E1%BB%9Dng%20Trung%20M%E1%BB%B9%20T%C3%A2y%2C%20Qu%E1%BA%ADn%2012%2C%20TP.HCM,,,,,,,,,,,,UNVERIFIED,"Baseline seed record only. No source URL plus verification date was present for shop, Google, price, student discount, or service policy at audit time.",,"Confirm this exact branch using official contact or Place Details; record a source URL, access date, and concise evidence before publishing any claim."
39,"Viện Di Động - 1543 Nguyễn Ảnh Thủ Q.12","1543 Nguyễn Ảnh Thủ, Phường Trung Mỹ Tây, Quận 12, TP.HCM","Quận 12",10.8575,106.6145,https://viendidong.com,,https://www.google.com/maps/search/?api=1&query=Vi%E1%BB%87n%20Di%20%C4%90%E1%BB%99ng%20-%201543%20Nguy%E1%BB%85n%20%E1%BA%A2nh%20Th%E1%BB%A7%20Q.12%201543%20Nguy%E1%BB%85n%20%E1%BA%A2nh%20Th%E1%BB%A7%2C%20Ph%C6%B0%E1%BB%9Dng%20Trung%20M%E1%BB%B9%20T%C3%A2y%2C%20Qu%E1%BA%ADn%2012%2C%20TP.HCM,,,,,,,,,,,,UNVERIFIED,"Baseline seed record only. No source URL plus verification date was present for shop, Google, price, student discount, or service policy at audit time.",,"Confirm this exact branch using official contact or Place Details; record a source URL, access date, and concise evidence before publishing any claim."
40,"Bệnh Viện Điện Thoại Laptop 24h - 23M Nguyễn Ảnh Thủ Q.12","23M Nguyễn Ảnh Thủ, Phường Trung Mỹ Tây, Quận 12, TP.HCM","Quận 12",10.8588,106.6168,https://chamsocdidong.com,,https://www.google.com/maps/search/?api=1&query=B%E1%BB%87nh%20Vi%E1%BB%87n%20%C4%90i%E1%BB%87n%20Tho%E1%BA%A1i%20Laptop%2024h%20-%2023M%20Nguy%E1%BB%85n%20%E1%BA%A2nh%20Th%E1%BB%A7%20Q.12%2023M%20Nguy%E1%BB%85n%20%E1%BA%A2nh%20Th%E1%BB%A7%2C%20Ph%C6%B0%E1%BB%9Dng%20Trung%20M%E1%BB%B9%20T%C3%A2y%2C%20Qu%E1%BA%ADn%2012%2C%20TP.HCM,,,,,,,,,,,,UNVERIFIED,"Baseline seed record only. No source URL plus verification date was present for shop, Google, price, student discount, or service policy at audit time.",,"Confirm this exact branch using official contact or Place Details; record a source URL, access date, and concise evidence before publishing any claim."
41,"Điện Thoại Vui - 383 Điện Biên Phủ Bình Thạnh","383 Điện Biên Phủ, Phường 15, Quận Bình Thạnh, TP.HCM","Quận Bình Thạnh",10.797,106.708,https://dienthoaivui.com.vn,,https://www.google.com/maps/search/?api=1&query=%C4%90i%E1%BB%87n%20Tho%E1%BA%A1i%20Vui%20-%20383%20%C4%90i%E1%BB%87n%20Bi%C3%AAn%20Ph%E1%BB%A7%20B%C3%ACnh%20Th%E1%BA%A1nh%20383%20%C4%90i%E1%BB%87n%20Bi%C3%AAn%20Ph%E1%BB%A7%2C%20Ph%C6%B0%E1%BB%9Dng%2015%2C%20Qu%E1%BA%ADn%20B%C3%ACnh%20Th%E1%BA%A1nh%2C%20TP.HCM,,,,,,,,,,,,UNVERIFIED,"Baseline seed record only. No source URL plus verification date was present for shop, Google, price, student discount, or service policy at audit time.",,"Confirm this exact branch using official contact or Place Details; record a source URL, access date, and concise evidence before publishing any claim."
42,"FASTCARE - 303 Xô Viết Nghệ Tĩnh Bình Thạnh","303 Xô Viết Nghệ Tĩnh, Phường 24, Quận Bình Thạnh, TP.HCM","Quận Bình Thạnh",10.803,106.711,https://fastcare.vn,,https://www.google.com/maps/search/?api=1&query=FASTCARE%20-%20303%20X%C3%B4%20Vi%E1%BA%BFt%20Ngh%E1%BB%87%20T%C4%A9nh%20B%C3%ACnh%20Th%E1%BA%A1nh%20303%20X%C3%B4%20Vi%E1%BA%BFt%20Ngh%E1%BB%87%20T%C4%A9nh%2C%20Ph%C6%B0%E1%BB%9Dng%2024%2C%20Qu%E1%BA%ADn%20B%C3%ACnh%20Th%E1%BA%A1nh%2C%20TP.HCM,,,,,,,,,,,,UNVERIFIED,"Baseline seed record only. No source URL plus verification date was present for shop, Google, price, student discount, or service policy at audit time.",,"Confirm this exact branch using official contact or Place Details; record a source URL, access date, and concise evidence before publishing any claim."
43,"Thuận Phát Mobile - CN2 Lê Quang Định Bình Thạnh","197A Lê Quang Định, Phường 14, Quận Bình Thạnh, TP.HCM","Quận Bình Thạnh",10.808,106.694,https://www.google.com/maps/search/?api=1&query=Thu%E1%BA%ADn%20Ph%C3%A1t%20Mobile%20-%20CN2%20L%C3%AA%20Quang%20%C4%90%E1%BB%8Bnh%20B%C3%ACnh%20Th%E1%BA%A1nh%20197A%20L%C3%AA%20Quang%20%C4%90%E1%BB%8Bnh%2C%20Ph%C6%B0%E1%BB%9Dng%2014%2C%20Qu%E1%BA%ADn%20B%C3%ACnh%20Th%E1%BA%A1nh%2C%20TP.HCM,,https://www.google.com/maps/search/?api=1&query=Thu%E1%BA%ADn%20Ph%C3%A1t%20Mobile%20-%20CN2%20L%C3%AA%20Quang%20%C4%90%E1%BB%8Bnh%20B%C3%ACnh%20Th%E1%BA%A1nh%20197A%20L%C3%AA%20Quang%20%C4%90%E1%BB%8Bnh%2C%20Ph%C6%B0%E1%BB%9Dng%2014%2C%20Qu%E1%BA%ADn%20B%C3%ACnh%20Th%E1%BA%A1nh%2C%20TP.HCM,,,,,,,,,,,,UNVERIFIED,"Baseline seed record only. No source URL plus verification date was present for shop, Google, price, student discount, or service policy at audit time.",,"Confirm this exact branch using official contact or Place Details; record a source URL, access date, and concise evidence before publishing any claim."
44,"Viện Di Động - 241 Bạch Đằng Bình Thạnh","241 Bạch Đằng, Phường 15, Quận Bình Thạnh, TP.HCM","Quận Bình Thạnh",10.801,106.702,https://viendidong.com,,https://www.google.com/maps/search/?api=1&query=Vi%E1%BB%87n%20Di%20%C4%90%E1%BB%99ng%20-%20241%20B%E1%BA%A1ch%20%C4%90%E1%BA%B1ng%20B%C3%ACnh%20Th%E1%BA%A1nh%20241%20B%E1%BA%A1ch%20%C4%90%E1%BA%B1ng%2C%20Ph%C6%B0%E1%BB%9Dng%2015%2C%20Qu%E1%BA%ADn%20B%C3%ACnh%20Th%E1%BA%A1nh%2C%20TP.HCM,,,,,,,,,,,,UNVERIFIED,"Baseline seed record only. No source URL plus verification date was present for shop, Google, price, student discount, or service policy at audit time.",,"Confirm this exact branch using official contact or Place Details; record a source URL, access date, and concise evidence before publishing any claim."
45,"Điện Thoại Vui - 132 Nguyễn Thị Tú Bình Tân","132 Nguyễn Thị Tú, Phường Bình Hưng Hòa, Quận Bình Tân, TP.HCM","Quận Bình Tân",10.7828,106.5995,https://dienthoaivui.com.vn,,https://www.google.com/maps/search/?api=1&query=%C4%90i%E1%BB%87n%20Tho%E1%BA%A1i%20Vui%20-%20132%20Nguy%E1%BB%85n%20Th%E1%BB%8B%20T%C3%BA%20B%C3%ACnh%20T%C3%A2n%20132%20Nguy%E1%BB%85n%20Th%E1%BB%8B%20T%C3%BA%2C%20Ph%C6%B0%E1%BB%9Dng%20B%C3%ACnh%20H%C6%B0ng%20H%C3%B2a%2C%20Qu%E1%BA%ADn%20B%C3%ACnh%20T%C3%A2n%2C%20TP.HCM,,,,,,,,,,,,UNVERIFIED,"Baseline seed record only. No source URL plus verification date was present for shop, Google, price, student discount, or service policy at audit time.",,"Confirm this exact branch using official contact or Place Details; record a source URL, access date, and concise evidence before publishing any claim."
46,"FASTCARE - 600 Kinh Dương Vương Bình Tân","600 Kinh Dương Vương, Phường An Lạc, Quận Bình Tân, TP.HCM","Quận Bình Tân",10.741,106.611,https://fastcare.vn,,https://www.google.com/maps/search/?api=1&query=FASTCARE%20-%20600%20Kinh%20D%C6%B0%C6%A1ng%20V%C6%B0%C6%A1ng%20B%C3%ACnh%20T%C3%A2n%20600%20Kinh%20D%C6%B0%C6%A1ng%20V%C6%B0%C6%A1ng%2C%20Ph%C6%B0%E1%BB%9Dng%20An%20L%E1%BA%A1c%2C%20Qu%E1%BA%ADn%20B%C3%ACnh%20T%C3%A2n%2C%20TP.HCM,,,,,,,,,,,,UNVERIFIED,"Baseline seed record only. No source URL plus verification date was present for shop, Google, price, student discount, or service policy at audit time.",,"Confirm this exact branch using official contact or Place Details; record a source URL, access date, and concise evidence before publishing any claim."
47,"Cấp Cứu Laptop & Di Động - 498 Kinh Dương Vương Bình Tân","498-500 Kinh Dương Vương, Phường An Lạc A, Quận Bình Tân, TP.HCM","Quận Bình Tân",10.7425,106.6125,https://capcuulaptop.com,,https://www.google.com/maps/search/?api=1&query=C%E1%BA%A5p%20C%E1%BB%A9u%20Laptop%20%26%20Di%20%C4%90%E1%BB%99ng%20-%20498%20Kinh%20D%C6%B0%C6%A1ng%20V%C6%B0%C6%A1ng%20B%C3%ACnh%20T%C3%A2n%20498-500%20Kinh%20D%C6%B0%C6%A1ng%20V%C6%B0%C6%A1ng%2C%20Ph%C6%B0%E1%BB%9Dng%20An%20L%E1%BA%A1c%20A%2C%20Qu%E1%BA%ADn%20B%C3%ACnh%20T%C3%A2n%2C%20TP.HCM,,,,,,,,,,,,UNVERIFIED,"Baseline seed record only. No source URL plus verification date was present for shop, Google, price, student discount, or service policy at audit time.",,"Confirm this exact branch using official contact or Place Details; record a source URL, access date, and concise evidence before publishing any claim."
48,"Hùng Phát Computer - 1500 Tỉnh Lộ 10 Bình Tân","1500 Tỉnh Lộ 10, Phường Tân Tạo, Quận Bình Tân, TP.HCM","Quận Bình Tân",10.7505,106.5958,https://www.google.com/maps/search/?api=1&query=H%C3%B9ng%20Ph%C3%A1t%20Computer%20-%201500%20T%E1%BB%89nh%20L%E1%BB%99%2010%20B%C3%ACnh%20T%C3%A2n%201500%20T%E1%BB%89nh%20L%E1%BB%99%2010%2C%20Ph%C6%B0%E1%BB%9Dng%20T%C3%A2n%20T%E1%BA%A1o%2C%20Qu%E1%BA%ADn%20B%C3%ACnh%20T%C3%A2n%2C%20TP.HCM,,https://www.google.com/maps/search/?api=1&query=H%C3%B9ng%20Ph%C3%A1t%20Computer%20-%201500%20T%E1%BB%89nh%20L%E1%BB%99%2010%20B%C3%ACnh%20T%C3%A2n%201500%20T%E1%BB%89nh%20L%E1%BB%99%2010%2C%20Ph%C6%B0%E1%BB%9Dng%20T%C3%A2n%20T%E1%BA%A1o%2C%20Qu%E1%BA%ADn%20B%C3%ACnh%20T%C3%A2n%2C%20TP.HCM,,,,,,,,,,,,UNVERIFIED,"Baseline seed record only. No source URL plus verification date was present for shop, Google, price, student discount, or service policy at audit time.",,"Confirm this exact branch using official contact or Place Details; record a source URL, access date, and concise evidence before publishing any claim."
49,"Điện Thoại Vui - 615 Quang Trung Gò Vấp","615-615A Quang Trung, Phường 11, Quận Gò Vấp, TP.HCM","Quận Gò Vấp",10.8381,106.6645,https://dienthoaivui.com.vn,,https://www.google.com/maps/search/?api=1&query=%C4%90i%E1%BB%87n%20Tho%E1%BA%A1i%20Vui%20-%20615%20Quang%20Trung%20G%C3%B2%20V%E1%BA%A5p%20615-615A%20Quang%20Trung%2C%20Ph%C6%B0%E1%BB%9Dng%2011%2C%20Qu%E1%BA%ADn%20G%C3%B2%20V%E1%BA%A5p%2C%20TP.HCM,,,,,,,,,,,,UNVERIFIED,"Baseline seed record only. No source URL plus verification date was present for shop, Google, price, student discount, or service policy at audit time.",,"Confirm this exact branch using official contact or Place Details; record a source URL, access date, and concise evidence before publishing any claim."
50,"FASTCARE - 395 Quang Trung Gò Vấp","395 Quang Trung, Phường 10, Quận Gò Vấp, TP.HCM","Quận Gò Vấp",10.835,106.662,https://fastcare.vn,,https://www.google.com/maps/search/?api=1&query=FASTCARE%20-%20395%20Quang%20Trung%20G%C3%B2%20V%E1%BA%A5p%20395%20Quang%20Trung%2C%20Ph%C6%B0%E1%BB%9Dng%2010%2C%20Qu%E1%BA%ADn%20G%C3%B2%20V%E1%BA%A5p%2C%20TP.HCM,,,,,,,,,,,,UNVERIFIED,"Baseline seed record only. No source URL plus verification date was present for shop, Google, price, student discount, or service policy at audit time.",,"Confirm this exact branch using official contact or Place Details; record a source URL, access date, and concise evidence before publishing any claim."
51,"Viện Di Động - 73 Trần Thị Nghỉ Gò Vấp","73 Trần Thị Nghỉ, Phường 7, Quận Gò Vấp, TP.HCM","Quận Gò Vấp",10.825,106.6805,https://viendidong.com,,https://www.google.com/maps/search/?api=1&query=Vi%E1%BB%87n%20Di%20%C4%90%E1%BB%99ng%20-%2073%20Tr%E1%BA%A7n%20Th%E1%BB%8B%20Ngh%E1%BB%89%20G%C3%B2%20V%E1%BA%A5p%2073%20Tr%E1%BA%A7n%20Th%E1%BB%8B%20Ngh%E1%BB%89%2C%20Ph%C6%B0%E1%BB%9Dng%207%2C%20Qu%E1%BA%ADn%20G%C3%B2%20V%E1%BA%A5p%2C%20TP.HCM,,,,,,,,,,,,UNVERIFIED,"Baseline seed record only. No source URL plus verification date was present for shop, Google, price, student discount, or service policy at audit time.",,"Confirm this exact branch using official contact or Place Details; record a source URL, access date, and concise evidence before publishing any claim."
52,"Bệnh Viện Điện Thoại Laptop 24h - 389 Quang Trung Gò Vấp","389 Quang Trung, Phường 10, Quận Gò Vấp, TP.HCM","Quận Gò Vấp",10.8348,106.6618,https://chamsocdidong.com,,https://www.google.com/maps/search/?api=1&query=B%E1%BB%87nh%20Vi%E1%BB%87n%20%C4%90i%E1%BB%87n%20Tho%E1%BA%A1i%20Laptop%2024h%20-%20389%20Quang%20Trung%20G%C3%B2%20V%E1%BA%A5p%20389%20Quang%20Trung%2C%20Ph%C6%B0%E1%BB%9Dng%2010%2C%20Qu%E1%BA%ADn%20G%C3%B2%20V%E1%BA%A5p%2C%20TP.HCM,,,,,,,,,,,,UNVERIFIED,"Baseline seed record only. No source URL plus verification date was present for shop, Google, price, student discount, or service policy at audit time.",,"Confirm this exact branch using official contact or Place Details; record a source URL, access date, and concise evidence before publishing any claim."
53,"Viện Di Động - 241 Hoàng Văn Thụ Phú Nhuận","241 Hoàng Văn Thụ, Phường 8, Quận Phú Nhuận, TP.HCM","Quận Phú Nhuận",10.7985,106.678,https://viendidong.com,,https://www.google.com/maps/search/?api=1&query=Vi%E1%BB%87n%20Di%20%C4%90%E1%BB%99ng%20-%20241%20Ho%C3%A0ng%20V%C4%83n%20Th%E1%BB%A5%20Ph%C3%BA%20Nhu%E1%BA%ADn%20241%20Ho%C3%A0ng%20V%C4%83n%20Th%E1%BB%A5%2C%20Ph%C6%B0%E1%BB%9Dng%208%2C%20Qu%E1%BA%ADn%20Ph%C3%BA%20Nhu%E1%BA%ADn%2C%20TP.HCM,,,,,,,,,,,,UNVERIFIED,"Baseline seed record only. No source URL plus verification date was present for shop, Google, price, student discount, or service policy at audit time.",,"Confirm this exact branch using official contact or Place Details; record a source URL, access date, and concise evidence before publishing any claim."
54,"Điện Thoại Vui - 161 Phan Xích Long Phú Nhuận","161 Phan Xích Long, Phường 2, Quận Phú Nhuận, TP.HCM","Quận Phú Nhuận",10.796,106.688,https://dienthoaivui.com.vn,,https://www.google.com/maps/search/?api=1&query=%C4%90i%E1%BB%87n%20Tho%E1%BA%A1i%20Vui%20-%20161%20Phan%20X%C3%ADch%20Long%20Ph%C3%BA%20Nhu%E1%BA%ADn%20161%20Phan%20X%C3%ADch%20Long%2C%20Ph%C6%B0%E1%BB%9Dng%202%2C%20Qu%E1%BA%ADn%20Ph%C3%BA%20Nhu%E1%BA%ADn%2C%20TP.HCM,,,,,,,,,,,,UNVERIFIED,"Baseline seed record only. No source URL plus verification date was present for shop, Google, price, student discount, or service policy at audit time.",,"Confirm this exact branch using official contact or Place Details; record a source URL, access date, and concise evidence before publishing any claim."
55,"Thế Giới Laptop 24h - 122 Đào Duy Anh Phú Nhuận","122 Đào Duy Anh, Phường 9, Quận Phú Nhuận, TP.HCM","Quận Phú Nhuận",10.8,106.682,https://thegioilaptop24h.com,,https://www.google.com/maps/search/?api=1&query=Th%E1%BA%BF%20Gi%E1%BB%9Bi%20Laptop%2024h%20-%20122%20%C4%90%C3%A0o%20Duy%20Anh%20Ph%C3%BA%20Nhu%E1%BA%ADn%20122%20%C4%90%C3%A0o%20Duy%20Anh%2C%20Ph%C6%B0%E1%BB%9Dng%209%2C%20Qu%E1%BA%ADn%20Ph%C3%BA%20Nhu%E1%BA%ADn%2C%20TP.HCM,,,,,,,,,,,,UNVERIFIED,"Baseline seed record only. No source URL plus verification date was present for shop, Google, price, student discount, or service policy at audit time.",,"Confirm this exact branch using official contact or Place Details; record a source URL, access date, and concise evidence before publishing any claim."
56,"Giahuymobile - 461 Nguyễn Kiệm Phú Nhuận","461-463 Nguyễn Kiệm, Phường 9, Quận Phú Nhuận, TP.HCM","Quận Phú Nhuận",10.8125,106.6762,https://giahuymobile.com,,https://www.google.com/maps/search/?api=1&query=Giahuymobile%20-%20461%20Nguy%E1%BB%85n%20Ki%E1%BB%87m%20Ph%C3%BA%20Nhu%E1%BA%ADn%20461-463%20Nguy%E1%BB%85n%20Ki%E1%BB%87m%2C%20Ph%C6%B0%E1%BB%9Dng%209%2C%20Qu%E1%BA%ADn%20Ph%C3%BA%20Nhu%E1%BA%ADn%2C%20TP.HCM,,,,,,,,,,,,UNVERIFIED,"Baseline seed record only. No source URL plus verification date was present for shop, Google, price, student discount, or service policy at audit time.",,"Confirm this exact branch using official contact or Place Details; record a source URL, access date, and concise evidence before publishing any claim."
57,"Điện Thoại Vui - 250 Hoàng Văn Thụ Tân Bình","250 Hoàng Văn Thụ, Phường 4, Quận Tân Bình, TP.HCM","Quận Tân Bình",10.8012,106.6555,https://dienthoaivui.com.vn,,https://www.google.com/maps/search/?api=1&query=%C4%90i%E1%BB%87n%20Tho%E1%BA%A1i%20Vui%20-%20250%20Ho%C3%A0ng%20V%C4%83n%20Th%E1%BB%A5%20T%C3%A2n%20B%C3%ACnh%20250%20Ho%C3%A0ng%20V%C4%83n%20Th%E1%BB%A5%2C%20Ph%C6%B0%E1%BB%9Dng%204%2C%20Qu%E1%BA%ADn%20T%C3%A2n%20B%C3%ACnh%2C%20TP.HCM,,,,,,,,,,,,UNVERIFIED,"Baseline seed record only. No source URL plus verification date was present for shop, Google, price, student discount, or service policy at audit time.",,"Confirm this exact branch using official contact or Place Details; record a source URL, access date, and concise evidence before publishing any claim."
58,"FASTCARE - 254 Hoàng Văn Thụ Tân Bình","254 Hoàng Văn Thụ, Phường 4, Quận Tân Bình, TP.HCM","Quận Tân Bình",10.8015,106.6558,https://fastcare.vn,,https://www.google.com/maps/search/?api=1&query=FASTCARE%20-%20254%20Ho%C3%A0ng%20V%C4%83n%20Th%E1%BB%A5%20T%C3%A2n%20B%C3%ACnh%20254%20Ho%C3%A0ng%20V%C4%83n%20Th%E1%BB%A5%2C%20Ph%C6%B0%E1%BB%9Dng%204%2C%20Qu%E1%BA%ADn%20T%C3%A2n%20B%C3%ACnh%2C%20TP.HCM,,,,,,,,,,,,UNVERIFIED,"Baseline seed record only. No source URL plus verification date was present for shop, Google, price, student discount, or service policy at audit time.",,"Confirm this exact branch using official contact or Place Details; record a source URL, access date, and concise evidence before publishing any claim."
59,"Bệnh Viện Điện Thoại Laptop 24h - 198 Hoàng Văn Thụ Tân Bình","198 Hoàng Văn Thụ, Phường 4, Quận Tân Bình, TP.HCM","Quận Tân Bình",10.8008,106.6548,https://chamsocdidong.com,,https://www.google.com/maps/search/?api=1&query=B%E1%BB%87nh%20Vi%E1%BB%87n%20%C4%90i%E1%BB%87n%20Tho%E1%BA%A1i%20Laptop%2024h%20-%20198%20Ho%C3%A0ng%20V%C4%83n%20Th%E1%BB%A5%20T%C3%A2n%20B%C3%ACnh%20198%20Ho%C3%A0ng%20V%C4%83n%20Th%E1%BB%A5%2C%20Ph%C6%B0%E1%BB%9Dng%204%2C%20Qu%E1%BA%ADn%20T%C3%A2n%20B%C3%ACnh%2C%20TP.HCM,,,,,,,,,,,,UNVERIFIED,"Baseline seed record only. No source URL plus verification date was present for shop, Google, price, student discount, or service policy at audit time.",,"Confirm this exact branch using official contact or Place Details; record a source URL, access date, and concise evidence before publishing any claim."
60,"Sài Gòn Số - CN5 Hoàng Văn Thụ Tân Bình","296 Hoàng Văn Thụ, Phường 4, Quận Tân Bình, TP.HCM","Quận Tân Bình",10.8018,106.6562,https://saigonso.com,,https://www.google.com/maps/search/?api=1&query=S%C3%A0i%20G%C3%B2n%20S%E1%BB%91%20-%20CN5%20Ho%C3%A0ng%20V%C4%83n%20Th%E1%BB%A5%20T%C3%A2n%20B%C3%ACnh%20296%20Ho%C3%A0ng%20V%C4%83n%20Th%E1%BB%A5%2C%20Ph%C6%B0%E1%BB%9Dng%204%2C%20Qu%E1%BA%ADn%20T%C3%A2n%20B%C3%ACnh%2C%20TP.HCM,,,,,,,,,,,,UNVERIFIED,"Baseline seed record only. No source URL plus verification date was present for shop, Google, price, student discount, or service policy at audit time.",,"Confirm this exact branch using official contact or Place Details; record a source URL, access date, and concise evidence before publishing any claim."
61,"Điện Thoại Vui - 43D Hòa Bình Tân Phú","43D Hòa Bình, Phường Tân Thới Hòa, Quận Tân Phú, TP.HCM","Quận Tân Phú",10.7912,106.6318,https://dienthoaivui.com.vn,,https://www.google.com/maps/search/?api=1&query=%C4%90i%E1%BB%87n%20Tho%E1%BA%A1i%20Vui%20-%2043D%20H%C3%B2a%20B%C3%ACnh%20T%C3%A2n%20Ph%C3%BA%2043D%20H%C3%B2a%20B%C3%ACnh%2C%20Ph%C6%B0%E1%BB%9Dng%20T%C3%A2n%20Th%E1%BB%9Bi%20H%C3%B2a%2C%20Qu%E1%BA%ADn%20T%C3%A2n%20Ph%C3%BA%2C%20TP.HCM,,,,,,,,,,,,UNVERIFIED,"Baseline seed record only. No source URL plus verification date was present for shop, Google, price, student discount, or service policy at audit time.",,"Confirm this exact branch using official contact or Place Details; record a source URL, access date, and concise evidence before publishing any claim."
62,"Thuận Phát Mobile - CN3 Nguyễn Sơn Tân Phú","118 Nguyễn Sơn, Phường Phú Thọ Hòa, Quận Tân Phú, TP.HCM","Quận Tân Phú",10.7885,106.6355,https://www.google.com/maps/search/?api=1&query=Thu%E1%BA%ADn%20Ph%C3%A1t%20Mobile%20-%20CN3%20Nguy%E1%BB%85n%20S%C6%A1n%20T%C3%A2n%20Ph%C3%BA%20118%20Nguy%E1%BB%85n%20S%C6%A1n%2C%20Ph%C6%B0%E1%BB%9Dng%20Ph%C3%BA%20Th%E1%BB%8D%20H%C3%B2a%2C%20Qu%E1%BA%ADn%20T%C3%A2n%20Ph%C3%BA%2C%20TP.HCM,,https://www.google.com/maps/search/?api=1&query=Thu%E1%BA%ADn%20Ph%C3%A1t%20Mobile%20-%20CN3%20Nguy%E1%BB%85n%20S%C6%A1n%20T%C3%A2n%20Ph%C3%BA%20118%20Nguy%E1%BB%85n%20S%C6%A1n%2C%20Ph%C6%B0%E1%BB%9Dng%20Ph%C3%BA%20Th%E1%BB%8D%20H%C3%B2a%2C%20Qu%E1%BA%ADn%20T%C3%A2n%20Ph%C3%BA%2C%20TP.HCM,,,,,,,,,,,,UNVERIFIED,"Baseline seed record only. No source URL plus verification date was present for shop, Google, price, student discount, or service policy at audit time.",,"Confirm this exact branch using official contact or Place Details; record a source URL, access date, and concise evidence before publishing any claim."
63,"Sài Gòn Số - CN7 Lương Minh Nguyệt Tân Phú","44A Lương Minh Nguyệt, Phường Tân Thới Hòa, Quận Tân Phú, TP.HCM","Quận Tân Phú",10.7895,106.6328,https://saigonso.com,,https://www.google.com/maps/search/?api=1&query=S%C3%A0i%20G%C3%B2n%20S%E1%BB%91%20-%20CN7%20L%C6%B0%C6%A1ng%20Minh%20Nguy%E1%BB%87t%20T%C3%A2n%20Ph%C3%BA%2044A%20L%C6%B0%C6%A1ng%20Minh%20Nguy%E1%BB%87t%2C%20Ph%C6%B0%E1%BB%9Dng%20T%C3%A2n%20Th%E1%BB%9Bi%20H%C3%B2a%2C%20Qu%E1%BA%ADn%20T%C3%A2n%20Ph%C3%BA%2C%20TP.HCM,,,,,,,,,,,,UNVERIFIED,"Baseline seed record only. No source URL plus verification date was present for shop, Google, price, student discount, or service policy at audit time.",,"Confirm this exact branch using official contact or Place Details; record a source URL, access date, and concise evidence before publishing any claim."
64,"Bệnh Viện Điện Thoại Laptop 24h - 625 Âu Cơ Tân Phú","625-625A Âu Cơ, Phường Phú Trung, Quận Tân Phú, TP.HCM","Quận Tân Phú",10.7928,106.6345,https://chamsocdidong.com,,https://www.google.com/maps/search/?api=1&query=B%E1%BB%87nh%20Vi%E1%BB%87n%20%C4%90i%E1%BB%87n%20Tho%E1%BA%A1i%20Laptop%2024h%20-%20625%20%C3%82u%20C%C6%A1%20T%C3%A2n%20Ph%C3%BA%20625-625A%20%C3%82u%20C%C6%A1%2C%20Ph%C6%B0%E1%BB%9Dng%20Ph%C3%BA%20Trung%2C%20Qu%E1%BA%ADn%20T%C3%A2n%20Ph%C3%BA%2C%20TP.HCM,,,,,,,,,,,,UNVERIFIED,"Baseline seed record only. No source URL plus verification date was present for shop, Google, price, student discount, or service policy at audit time.",,"Confirm this exact branch using official contact or Place Details; record a source URL, access date, and concise evidence before publishing any claim."
65,"Điện Thoại Vui - 23-25 Võ Văn Ngân Thủ Đức","23-25 Võ Văn Ngân, Phường Trường Thọ, TP. Thủ Đức, TP.HCM","TP. Thủ Đức",10.846,106.755,https://dienthoaivui.com.vn,,https://www.google.com/maps/search/?api=1&query=%C4%90i%E1%BB%87n%20Tho%E1%BA%A1i%20Vui%20-%2023-25%20V%C3%B5%20V%C4%83n%20Ng%C3%A2n%20Th%E1%BB%A7%20%C4%90%E1%BB%A9c%2023-25%20V%C3%B5%20V%C4%83n%20Ng%C3%A2n%2C%20Ph%C6%B0%E1%BB%9Dng%20Tr%C6%B0%E1%BB%9Dng%20Th%E1%BB%8D%2C%20TP.%20Th%E1%BB%A7%20%C4%90%E1%BB%A9c%2C%20TP.HCM,,,,,,,,,,,,UNVERIFIED,"Baseline seed record only. No source URL plus verification date was present for shop, Google, price, student discount, or service policy at audit time.",,"Confirm this exact branch using official contact or Place Details; record a source URL, access date, and concise evidence before publishing any claim."
66,"FASTCARE - 380 Võ Văn Ngân Thủ Đức","380 Võ Văn Ngân, Phường Bình Thọ, TP. Thủ Đức, TP.HCM","TP. Thủ Đức",10.8505,106.762,https://fastcare.vn,,https://www.google.com/maps/search/?api=1&query=FASTCARE%20-%20380%20V%C3%B5%20V%C4%83n%20Ng%C3%A2n%20Th%E1%BB%A7%20%C4%90%E1%BB%A9c%20380%20V%C3%B5%20V%C4%83n%20Ng%C3%A2n%2C%20Ph%C6%B0%E1%BB%9Dng%20B%C3%ACnh%20Th%E1%BB%8D%2C%20TP.%20Th%E1%BB%A7%20%C4%90%E1%BB%A9c%2C%20TP.HCM,,,,,,,,,,,,UNVERIFIED,"Baseline seed record only. No source URL plus verification date was present for shop, Google, price, student discount, or service policy at audit time.",,"Confirm this exact branch using official contact or Place Details; record a source URL, access date, and concise evidence before publishing any claim."
67,"Viện Di Động - 198 Võ Văn Ngân Thủ Đức","198 Võ Văn Ngân, Phường Bình Thọ, TP. Thủ Đức, TP.HCM","TP. Thủ Đức",10.8485,106.758,https://viendidong.com,,https://www.google.com/maps/search/?api=1&query=Vi%E1%BB%87n%20Di%20%C4%90%E1%BB%99ng%20-%20198%20V%C3%B5%20V%C4%83n%20Ng%C3%A2n%20Th%E1%BB%A7%20%C4%90%E1%BB%A9c%20198%20V%C3%B5%20V%C4%83n%20Ng%C3%A2n%2C%20Ph%C6%B0%E1%BB%9Dng%20B%C3%ACnh%20Th%E1%BB%8D%2C%20TP.%20Th%E1%BB%A7%20%C4%90%E1%BB%A9c%2C%20TP.HCM,,,,,,,,,,,,UNVERIFIED,"Baseline seed record only. No source URL plus verification date was present for shop, Google, price, student discount, or service policy at audit time.",,"Confirm this exact branch using official contact or Place Details; record a source URL, access date, and concise evidence before publishing any claim."
68,"Bệnh Viện Điện Thoại Laptop 24h - 256 Võ Văn Ngân Thủ Đức","256 Võ Văn Ngân, Phường Bình Thọ, TP. Thủ Đức, TP.HCM","TP. Thủ Đức",10.849,106.759,https://chamsocdidong.com,,https://www.google.com/maps/search/?api=1&query=B%E1%BB%87nh%20Vi%E1%BB%87n%20%C4%90i%E1%BB%87n%20Tho%E1%BA%A1i%20Laptop%2024h%20-%20256%20V%C3%B5%20V%C4%83n%20Ng%C3%A2n%20Th%E1%BB%A7%20%C4%90%E1%BB%A9c%20256%20V%C3%B5%20V%C4%83n%20Ng%C3%A2n%2C%20Ph%C6%B0%E1%BB%9Dng%20B%C3%ACnh%20Th%E1%BB%8D%2C%20TP.%20Th%E1%BB%A7%20%C4%90%E1%BB%A9c%2C%20TP.HCM,,,,,,,,,,,,UNVERIFIED,"Baseline seed record only. No source URL plus verification date was present for shop, Google, price, student discount, or service policy at audit time.",,"Confirm this exact branch using official contact or Place Details; record a source URL, access date, and concise evidence before publishing any claim."
